Scientific name,Wishlist ID,Source,Priority,Status,Family,Common name EN,Common name DE,Common name PT,Native origin,Natural habitat,Temperature / hardiness target,Light needs,Humidity,Water needs,Soil / substrate,Winter hardiness in Heiligenhaus,Difficulty,Future location,Bonsai potential,Invasive potential,Pollinators / ecology,Edible / medicinal / ethnobotanical,Seed source / propagation,Where to buy EU/UK,Wikipedia,Kew POWO / source search,Notes,Confidence
Amorphophallus titanum,SBC-WL-0001,Manual addition,★★★★★,Wishlist,Araceae,Titan arum,Titanenwurz,jarro-titã / flor-cadáver,"Sumatra, Indonesia",Lowland tropical rainforest,18–30°C; never below ~15°C,Bright filtered light,High,Even moisture in growth; dry dormancy,"Very rich, airy, well-drained aroid mix",Greenhouse only,Hard,Tropical greenhouse,None,None in Germany; impossible outdoors,Carrion flies and beetles,Ethnobotanical curiosity; not edible for collection use,Corm/offsets; seed rarely,"Specialist aroid growers, botanical swaps; rarely available",https://en.wikipedia.org/wiki/Amorphophallus_titanum,https://powo.science.kew.org/results?q=Amorphophallus+titanum,Holy grail oddity; very large plant and corm.,High
Philodendron spiritus-sancti,SBC-WL-0002,Manual addition,★★★★★,Wishlist,Araceae,Spiritus Sancti philodendron,Spiritus-Sancti-Philodendron,filodendro-spiritus-sancti,"Espírito Santo, Brazil",Humid Atlantic Forest; epiphytic/hemiepiphytic,18–30°C; avoid below 15°C,Bright indirect light,High,"Even, never waterlogged","Coarse aroid mix, bark, perlite, sphagnum",Greenhouse/indoors only,Hard,Tropical bonsai house / aroid wall,Low,"None; critically rare, protect from escape impossible",Aroid beetle/other insect pollination likely,Ornamental/conservation interest only,Tissue culture plants; cuttings,"Specialist aroid nurseries, EU collectors, tissue culture labs",https://en.wikipedia.org/wiki/Philodendron_spiritus-sancti,https://powo.science.kew.org/results?q=Philodendron+spiritus-sancti,Rare but increasingly available via tissue culture.,High
Caladium bicolor 'White Queen',SBC-WL-0003,Manual addition,★★★★,Wishlist,Araceae,White Queen caladium,Buntwurz 'White Queen',caládio 'White Queen',South America; cultivar selected in cultivation,Seasonally wet tropical forest edges,20–30°C in growth; dry tuber dormancy,Bright shade / filtered light,Medium-high,"Moist in growth, dry in dormancy","Rich, loose, moisture-retentive mix",Summer container; tubers stored warm/dry,Easy-medium,Greenhouse summer display / shade bench,None,None in Germany,Inconspicuous aroid pollination; grown for foliage,Ornamental; not edible,Tubers,"Garden centres, Dutch bulb suppliers, EU online shops",https://en.wikipedia.org/wiki/Caladium_bicolor,https://powo.science.kew.org/results?q=Caladium+bicolor+%27White+Queen%27,Strong foliage plant; seasonal.,High
Phormium tenax,SBC-WL-0004,Manual addition,★★★★,Wishlist,Asphodelaceae,New Zealand flax,Neuseeländer Flachs,linho-da-nova-zelândia,"New Zealand, Norfolk Island","Coastal cliffs, wetlands, open scrub",Hardy approx. -8 to -12°C with drainage/protection,Full sun to light shade,Low-medium,Moderate; drought tolerant when established,Well-drained fertile soil,Borderline hardy; sheltered outdoor trial,Easy,Outdoor architectural / Mediterranean terrace,Low,Low in Germany; invasive in mild oceanic climates,Birds in native range; bees may visit flowers,Traditional Māori fibre plant; ornamental,Seed or division,"Hardy exotic nurseries, garden centres",https://en.wikipedia.org/wiki/Phormium_tenax,https://powo.science.kew.org/results?q=Phormium+tenax,Excellent architectural plant for sheltered spots.,High
Cephalotus follicularis,SBC-WL-0005,Manual addition,★★★★★,Wishlist,Cephalotaceae,Australian pitcher plant,Zwergkrug,planta-jarro-australiana,Southwest Australia,Peaty seepages and coastal heath,"5–30°C; cool winters, no hard frost","Bright light, some sun",Medium-high,"Rainwater; moist, never fertilized",Acidic peat/sand/perlite carnivorous mix,Greenhouse/cold frame only,Hard,Carnivorous collection,None,None,Small flies and crawling insects as prey; flowers insect-pollinated,Carnivorous curiosity; no edible use,"Seed, division, leaf pullings",Carnivorous plant nurseries in EU/UK,https://en.wikipedia.org/wiki/Cephalotus_follicularis,https://powo.science.kew.org/results?q=Cephalotus+follicularis,One of the top carnivorous wishlist species.,High
Hydnophytum formicarum,SBC-WL-0006,Chelsea,★★★★★,Wishlist,Rubiaceae,Ant plant,Ameisenpflanze,planta-formiga,SE Asia to Pacific,Epiphytic ant-plant in tropical forest,18–30°C; avoid below 15°C,Bright filtered light,High,Moderate; dry slightly between waterings,Very airy orchid/epiphyte mix,Greenhouse/indoors only,Medium-hard,Tropical bonsai house / epiphyte mount,High as caudiciform display,None,Ant mutualism in habitat; small insect pollinators,Medicinal uses reported locally; ornamental curiosity,Seed; sometimes seedlings,Specialist caudiciform/epiphyte nurseries,https://en.wikipedia.org/wiki/Hydnophytum_formicarum,https://powo.science.kew.org/results?q=Hydnophytum+formicarum,Excellent weird-biology plant.,High
Platycerium superbum,SBC-WL-0007,Chelsea,★★★★★,Wishlist,Polypodiaceae,Staghorn fern,Geweihfarn,feto-chifre-de-veado,"E Queensland to NE New South Wales, Australia",Epiphytic in humid subtropical/tropical forests,15–30°C; avoid frost,Bright shade,High,Frequent misting/soaking then drain,Mounted on bark/cork with sphagnum,Greenhouse/indoors only,Medium,Tropical greenhouse / mounted epiphyte wall,None,None,Spore-producing fern; no pollinators,Ornamental; no edible use,Spores or offsets; usually bought as plant,"Fern/orchid nurseries, specialist houseplant sellers",https://en.wikipedia.org/wiki/Platycerium_superbum,https://powo.science.kew.org/results?q=Platycerium+superbum,"Spectacular mounted architectural fern; introduced in Hawaii, so avoid outdoor release in suitable climates.",High
Vanilla planifolia,SBC-WL-0008,Chelsea,★★★★,Wishlist,Orchidaceae,Vanilla orchid,Gewürzvanille,baunilha,Mexico and Central America; widely cultivated tropics,Humid tropical forest vine,18–32°C; avoid below 15°C,Bright filtered light,High,Even moisture; good airflow,Orchid/aroid mix; climbing support,Greenhouse/indoors only,Medium,Tropical food/ethnobotanical greenhouse,Low,None,Melipona bees in native range; hand pollination in cultivation,Edible vanilla pods; major spice crop,Cuttings easiest; seed impractical,"Orchid nurseries, houseplant shops",https://en.wikipedia.org/wiki/Vanilla_planifolia,https://powo.science.kew.org/results?q=Vanilla+planifolia,Needs size and hand pollination for pods.,High
Musella lasiocarpa,SBC-WL-0009,Kew,★★★★★,Wishlist,Musaceae,Golden lotus banana,Goldlotusbanane,bananeira-lótus-dourada,"China (W & S Yunnan, S Guizhou) to N Vietnam","Subtropical montane biome; slopes, forest margins",Top growth frost tender; rhizome/crown can survive colder spells with deep dry mulch; safest frost-free,Full sun to light shade,Medium,Moist in growth,"Rich, fertile, well-drained soil","Borderline outdoor trial only: sheltered, very well-drained, heavily mulched; greenhouse/container safer",Medium outdoors; easy-medium frost-free,Greenhouse / sheltered terrace,Low,Low,Bees/insects visit flowers,Ornamental; not a fruit banana,Seed or division of suckers,"Rare Palm Seeds, hardy exotic nurseries",https://en.wikipedia.org/wiki/Musella_lasiocarpa,https://powo.science.kew.org/results?q=Musella+lasiocarpa,Hardy-ish banana relative. Monocarpic flowering stem dies after bloom; clump persists by suckers.,Medium
Amorphophallus bulbifer,SBC-WL-0010,Kew,★★★★★,Wishlist,Araceae,Voodoo lily,Brutblatt-Titanwurz,lírio-vudu,"India, Himalaya region, Myanmar",Seasonal monsoon forest,"Warm growth; tuber dry/dormant, protect from frost",Bright shade,Medium,"Moist in growth, dry dormant","Rich, very free-draining mix",Lift/store tuber frost-free,Medium,Tropical greenhouse / weird bulb collection,None,None,Carrion flies/beetles; bulbils make propagation easy,Ornamental curiosity; not edible,Bulbils and tubers,"Specialist bulb/aroid sellers, Rare Palm Seeds",https://en.wikipedia.org/wiki/Amorphophallus_bulbifer,https://powo.science.kew.org/results?q=Amorphophallus+bulbifer,Much more manageable than A. titanum.,High
Theobroma cacao,SBC-WL-0011,Kew,★★★★★,Wishlist,Malvaceae,Cacao tree,Kakaobaum,cacaueiro,Amazon basin / tropical South America,Humid lowland rainforest understory,20–32°C; never below ~15°C,Bright shade,High,Even moisture,Rich acidic organic soil,Greenhouse only,Hard,Tropical food greenhouse,Low,None,Tiny midges; hand pollination may help,Edible cacao beans; major ethnobotanical crop,Fresh seed only; seedlings,Tropical fruit specialists; fresh pods/seeds,https://en.wikipedia.org/wiki/Theobroma_cacao,https://powo.science.kew.org/results?q=Theobroma+cacao,"Possible in warm greenhouse, not practical but wonderful.",High
Piper nigrum,SBC-WL-0012,Kew,★★★★,Wishlist,Piperaceae,Black pepper,Schwarzer Pfeffer,pimenta-preta,South India / Western Ghats,Humid tropical forest vine,18–32°C; avoid below 15°C,Bright filtered light,High,Even moisture,"Rich, airy, fertile soil; support needed",Greenhouse/indoors only,Medium,Tropical food/ethnobotanical greenhouse,Low,None,Small insects; wind/self also possible,Edible peppercorns; historic spice plant,Cuttings; seed must be fresh,Specialist tropical plant sellers,https://en.wikipedia.org/wiki/Piper_nigrum,https://powo.science.kew.org/results?q=Piper+nigrum,Very coherent ethnobotanical greenhouse plant.,High
Curcuma longa,SBC-WL-0013,Kew,★★★★,Wishlist,Zingiberaceae,Turmeric,Kurkuma,curcuma / açafrão-da-terra,South/Southeast Asia; cultivated origin,Monsoon forest edges/cultivation,20–32°C in growth; dry rhizome dormancy,Part shade to bright light,Medium-high,Moist in growth; dry rest,"Rich, well-drained, organic soil",Rhizomes lifted/stored frost-free,Easy,Tropical food greenhouse / summer pot,None,None,Insects visit flowers,Edible rhizome; medicinal/spice use,Rhizomes from grocer or nursery,"Asian groceries, garden centres, tropical suppliers",https://en.wikipedia.org/wiki/Curcuma_longa,https://powo.science.kew.org/results?q=Curcuma+longa,Useful and beautiful foliage plant.,High
Leucocasia gigantea,SBC-WL-0014,Kew,★★★★,Wishlist,Araceae,Giant elephant ear,Riesen-Elefantenohr,orelha-de-elefante-gigante,S China to W Malesia,Wet tropical biome; tuberous geophyte of moist forest edges/streamsides,18–32°C; frost-free,Bright filtered light to sun with water,High,High; dislikes drying,"Rich, wet, fertile soil",Greenhouse only / summer outdoor pot,Medium,Tropical greenhouse jungle corner,Low,None in Germany; invasive only in tropics,Aroid insect pollination,Ornamental; related food crops but not primary edible,Offsets/corms,Specialist aroid/hardy exotic nurseries,https://en.wikipedia.org/wiki/Leucocasia_gigantea,https://powo.science.kew.org/results?q=Leucocasia+gigantea,Huge foliage impact; formerly/commonly seen under Colocasia gigantea in cultivation.,High
Cardiocrinum giganteum,SBC-WL-0015,Kew,★★★★★,Wishlist,Liliaceae,Giant Himalayan lily,Riesenlilie,lírio-gigante-do-himalaia,"Himalayas, China, Myanmar",Cool moist woodland and forest margins,Hardy; prefers cool roots,Light shade / woodland edge,Medium,"Moist, never stagnant","Deep, humus-rich, fertile, moist but well-drained woodland soil; intolerant of waterlogging","Outdoor woodland trial; hardy if sheltered and drained, but winter wet is the main risk",Hard,Woodland garden,Low,None,Moths and bees likely; fragrant flowers,Ornamental; bulb not for eating,Seed very slow; offsets after flowering,Specialist bulb/woodland nurseries,https://en.wikipedia.org/wiki/Cardiocrinum_giganteum,https://powo.science.kew.org/results?q=Cardiocrinum+giganteum,"Monocarpic: flowering bulb dies, leaving offsets/bulbils. Needs cool moist woodland conditions, drainage, mulch and slug protection.",High
Cypripedium kentuckiense,SBC-WL-0016,Kew,★★★★★,Wishlist,Orchidaceae,Kentucky lady's slipper,Kentucky-Frauenschuh,sapatinho-de-vénus-do-kentucky,SE United States,"Moist deciduous woodland, limestone seepages",Hardy; cool winter dormancy,Dappled shade,Medium,"Even moisture, no waterlogging","Humus-rich, mineral, well-drained orchid bed",Hardy outdoors if soil is right,Hard,Woodland garden / hardy orchid bed,None,None,Bees; deceptive slipper orchid pollination,Ornamental/conservation interest only,Buy nursery-propagated plants only,Hardy orchid specialists,https://en.wikipedia.org/wiki/Cypripedium_kentuckiense,https://powo.science.kew.org/results?q=Cypripedium+kentuckiense,Do not buy wild-collected plants.,High
Zanthoxylum piperitum,SBC-WL-0017,Chelsea,★★★★★,Wishlist,Rutaceae,Japanese pepper / sansho,Japanischer Pfeffer / Szechuanpfeffer,pimenteira-japonesa / sansho,"Japan, Korea, China","Woodland margins, thickets",Hardy approx. -15°C or lower,Sun to part shade,Medium,Moderate,Well-drained fertile soil,Hardy outdoors in Heiligenhaus,Medium,Outdoor edible/ethnobotanical garden,High,Low,Small insects; dioecious plants need male/female for fruit,Edible aromatic leaves/berries; medicinal/cultural uses,Seed needs stratification; buy plants easier,"Edible shrub nurseries, rare fruit nurseries",https://en.wikipedia.org/wiki/Zanthoxylum_piperitum,https://powo.science.kew.org/results?q=Zanthoxylum+piperitum,Excellent hardy ethnobotanical shrub.,High
Heptacodium miconioides,SBC-WL-0018,Chelsea,★★★★,Wishlist,Caprifoliaceae,Seven-son flower,Sieben-Söhne-des-Himmels-Strauch,flor-dos-sete-filhos,China,Open woodland and scrub,Hardy to approx. -20°C,Sun to part shade,Medium,Moderate,"Fertile, well-drained soil",Hardy outdoors in Heiligenhaus,Easy,Outdoor shrub / pollinator garden,Medium,Low,"Bees, butterflies; late-season nectar",Ornamental; no major edible use,Cuttings/seed,Tree/shrub nurseries,https://en.wikipedia.org/wiki/Heptacodium_miconioides,https://powo.science.kew.org/results?q=Heptacodium+miconioides,Late flowers and attractive bark/bracts.,High
Colletia paradoxa,SBC-WL-0019,Chelsea,★★★★★,Wishlist,Rhamnaceae,Anchor plant,Ankerpflanze,planta-âncora,"Uruguay, Argentina, Brazil",Dry grassland and scrub,Hardy only mild; protect below about -8°C,Full sun,Low,Low once established,Very well-drained poor/gravelly soil,Borderline; sheltered dry outdoor trial,Medium,Mediterranean terrace / cold greenhouse,High,Low,Small insects,Ornamental; strange photosynthetic spines,Seed/cuttings,Specialist Mediterranean/rare shrub nurseries,https://en.wikipedia.org/wiki/Colletia_paradoxa,https://powo.science.kew.org/results?q=Colletia+paradoxa,Architectural oddity; drainage is key.,High
Rhodocoma capensis,SBC-WL-0020,Chelsea,★★★★,Wishlist,Restionaceae,Cape restio,Kap-Restio,restio-do-cabo,"South Africa, Cape region","Fynbos; winter rainfall, sandy soils","Mild frost tolerant, best above -5/-8°C",Full sun,Low-medium,Moderate; avoid waterlogging,"Acidic/sandy, very well-drained soil",Borderline outdoors; cold greenhouse safer,Medium,Mediterranean terrace / cool greenhouse,None,Low,Wind-pollinated restio,Ornamental; no major edible use,Seed; smoke treatment may help,Mediterranean/restio specialists,https://en.wikipedia.org/wiki/Rhodocoma_capensis,https://powo.science.kew.org/results?q=Rhodocoma+capensis,Great South African architectural texture.,High
Aeonium urbicum,SBC-WL-0021,Chelsea,★★★★,Wishlist,Crassulaceae,Saucer plant aeonium,Teller-Aeonium,aeónio,"Tenerife, Canary Islands",Dry rocky slopes and laurel forest margins,Frost-free to very mild frost only,Full sun to bright light,Low,Low-moderate,Gritty mineral succulent mix,Container; overwinter frost-free,Easy,Mediterranean terrace summer / cold greenhouse,Medium,Low,Bees/insects when flowering,Ornamental succulent,Cuttings; seed,"Succulent nurseries, garden centres",https://en.wikipedia.org/wiki/Aeonium_urbicum,https://powo.science.kew.org/results?q=Aeonium+urbicum,Can become sculptural.,High
Echium pininana,SBC-WL-0022,Chelsea,★★★★,Wishlist,Boraginaceae,Giant viper's bugloss,Riesen-Natternkopf,equio-gigante,"La Palma, Canary Islands",Laurel forest clearings and slopes,Mild frost only; often biennial/triennial,Full sun,Low-medium,Moderate,Well-drained fertile soil,Borderline; grow from seed and protect,Medium,Mediterranean terrace / experimental bed,None,May self-seed in mild regions; not concern in NRW,Bees and other pollinators,Ornamental; no edible use,Seed easy,"Seed suppliers, specialist nurseries",https://en.wikipedia.org/wiki/Echium_pininana,https://powo.science.kew.org/results?q=Echium+pininana,Spectacular flowering tower.,High
Pachystegia insignis,SBC-WL-0023,Chelsea,★★★★,Wishlist,Asteraceae,Marlborough rock daisy,Marlborough-Felsmargerite,margarida-rochosa-da-nova-zelândia,"New Zealand, Marlborough coast",Coastal cliffs and rocks,Mild frost tolerant; needs dry/drained winter,Full sun,Low,Low-moderate,Very well-drained gritty soil,Borderline outdoor; dry protected wall/greenhouse,Medium-hard,Rock garden / Mediterranean terrace,Medium,Low,Bees/insects,Ornamental; no edible use,Seed/cuttings,"Rare plant nurseries, NZ plant specialists",https://en.wikipedia.org/wiki/Pachystegia_insignis,https://powo.science.kew.org/results?q=Pachystegia+insignis,Stunning silver leaves; dislikes wet cold.,High
Cordyline australis,SBC-WL-0024,Kew,★★★★,Wishlist,Asparagaceae,New Zealand cabbage tree,Keulenlilie / Neuseeländische Keulenlilie,cordiline-da-nova-zelândia,New Zealand,"Coastal, forest margins, wetlands",Hardy approx. -8 to -12°C once established,Full sun to light shade,Low-medium,Moderate,Well-drained fertile soil,Borderline but plausible in sheltered Heiligenhaus,Easy,Outdoor hardy exotic / terrace,Low,Low in Germany,Insects; birds may use berries,Ornamental; Māori uses historically,Seed/cuttings,"Garden centres, hardy exotic nurseries",https://en.wikipedia.org/wiki/Cordyline_australis,https://powo.science.kew.org/results?q=Cordyline+australis,One of the best hardy exotic silhouettes.,High
Yucca filamentosa,SBC-WL-0025,Kew,★★★★,Wishlist,Asparagaceae,Adam's needle,Fädige Palmlilie,iuca-filamentosa,SE United States,"Dry sandy woods, dunes, scrub",Hardy below -20°C with drainage,Full sun,Low,Low,Very well-drained sandy/gravelly soil,Hardy outdoors in Heiligenhaus,Easy,Dry garden / Mediterranean terrace,Low,Low,Yucca moth in native range; bees may visit,Ornamental; fibre uses historically,Offsets/seed,Garden centres,https://en.wikipedia.org/wiki/Yucca_filamentosa,https://powo.science.kew.org/results?q=Yucca+filamentosa,"Tough, architectural and low-maintenance.",High
Salvia discolor,SBC-WL-0026,Chelsea,★★★★,Wishlist,Lamiaceae,Andean sage,Peruanischer Salbei,sálvia-andina,Peru,Dry montane slopes,Frost-free; 10–30°C,Full sun/bright,Low-medium,Moderate,Free-draining,Greenhouse/cuttings overwintered,Medium,Cold greenhouse / summer border,Low,Low,Bees/hummingbirds in range,Ornamental,Cuttings/seed,Specialist salvia nurseries,https://en.wikipedia.org/wiki/Salvia_discolor,https://powo.science.kew.org/results?q=Salvia+discolor,Black-purple flowers; excellent collector salvia.,Medium
Salvia haenkei 'Prawn Chorus',SBC-WL-0027,Chelsea,★★★★,Wishlist,Lamiaceae,Prawn Chorus sage,Salbei 'Prawn Chorus',sálvia 'Prawn Chorus',Cultivar; species Bolivia/Peru,Montane scrub ancestry,Usually frost-free or mild,Sun,Medium,Moderate,Well-drained fertile,Container/greenhouse safest,Medium,Summer border / cold greenhouse,Low,Low,Bees,Ornamental,Cuttings,Specialist salvia nurseries,https://en.wikipedia.org/wiki/Salvia_haenkei,https://powo.science.kew.org/results?q=Salvia+haenkei+%27Prawn+Chorus%27,Striking ornamental Salvia cultivar; best as a tender summer display or greenhouse plant.,Medium
Salvia stachydifolia,SBC-WL-0028,Chelsea,★★★★,Wishlist,Lamiaceae,Bolivian sage,Bolivianischer Salbei,sálvia-boliviana,"Argentina, Bolivia",Montane grassland/scrub,Mild frost? protect,Sun,Medium,Moderate,Well-drained,Trial outdoors sheltered; backup cuttings,Medium,Summer border / cool greenhouse,Low,Low,Bees/hummingbirds,Ornamental,Seed/cuttings,Specialist salvia nurseries,https://en.wikipedia.org/wiki/Salvia_stachydifolia,https://powo.science.kew.org/results?q=Salvia+stachydifolia,Unusual red-flowered salvia.,Medium
Salvia nemorosa 'Caradonna',SBC-WL-0029,Chelsea,★★★,Wishlist,Lamiaceae,Caradonna sage,Steppen-Salbei 'Caradonna',sálvia 'Caradonna',Cultivar; E Europe/W Asia ancestry,Dry meadows/steppe,Hardy,Full sun,Low,Low-moderate,Well-drained,Hardy outdoors,Easy,Pollinator border,Low,Low,Bees/butterflies,Ornamental,Division/cuttings,Garden centres,https://en.wikipedia.org/wiki/Salvia_nemorosa,https://powo.science.kew.org/results?q=Salvia+nemorosa+%27Caradonna%27,Excellent reliable perennial.,Medium
Salvia × sylvestris 'Schneehügel',SBC-WL-0030,Chelsea,★★★,Wishlist,Lamiaceae,Snow Hill sage,Steppen-Salbei 'Schneehügel',sálvia-branca,Garden hybrid/cultivar,Garden perennial,Hardy,Full sun,Low,Low-moderate,Well-drained,Hardy outdoors,Easy,Pollinator border,Low,Low,Bees,Ornamental,Division/cuttings,Garden centres,https://en.wikipedia.org/wiki/Salvia_sylvestris,https://powo.science.kew.org/results?q=Salvia+%C3%97+sylvestris+%27Schneeh%C3%BCgel%27,White-flowered salvia cultivar.,Medium
Pelargonium graveolens 'Attar of Roses',SBC-WL-0031,Chelsea,★★★★,Wishlist,Geraniaceae,Rose-scented geranium,Duftgeranie 'Attar of Roses',gerânio-cheiroso,South African ancestry; cultivar,Dry rocky scrub ancestry,Frost-free,Full sun/bright,Low-medium,Moderate,Free-draining potting mix,"Container, overwinter frost-free",Easy,Scented greenhouse / terrace pots,Medium,Low,Bees/insects,Fragrant leaves; perfume/culinary flavouring,Cuttings,"Herb nurseries, pelargonium specialists",https://en.wikipedia.org/wiki/Pelargonium_graveolens,https://powo.science.kew.org/results?q=Pelargonium+graveolens+%27Attar+of+Roses%27,High fragrance value.,Medium
Heliotropium arborescens,SBC-WL-0032,Chelsea,★★★★,Wishlist,Boraginaceae,Garden heliotrope,Vanilleblume,heliotrópio,Peru,Subtropical shrublands,Frost-free,Full sun to part shade,Medium,Moderate,Fertile moist well-drained,Annual/container in Germany,Easy,Fragrant terrace / greenhouse,Medium,Low,Moths/bees,Fragrant ornamental; toxic if eaten,Cuttings/seed,Garden centres,https://en.wikipedia.org/wiki/Heliotropium_arborescens,https://powo.science.kew.org/results?q=Heliotropium+arborescens,Strong vanilla/cherry-pie scent.,Medium
Acanthus mollis,SBC-WL-0033,Chelsea,★★★★,Wishlist,Acanthaceae,Bear's breeches,Weicher Akanthus,acanto,Mediterranean,"Woodland edges, rocky slopes",Hardy/marginal in cold sites,Sun to part shade,Low-medium,Moderate,Deep fertile well-drained,Hardy in sheltered Heiligenhaus,Easy,Mediterranean border,Low,Can spread locally by roots,Bees,"Architectural, classical ornament motif; medicinal history",Division/seed,Garden centres,https://en.wikipedia.org/wiki/Acanthus_mollis,https://powo.science.kew.org/results?q=Acanthus+mollis,Big architectural leaves.,Medium
Rosa × odorata 'Bengal Crimson',SBC-WL-0034,Chelsea,★★★★,Wishlist,Rosaceae,Bengal Crimson China rose,China-Rose 'Bengal Crimson',roseira-chinesa 'Bengal Crimson',Garden cultivar; China rose ancestry,Cultivated old rose,Hardy but sheltered best,Full sun,Medium,Moderate,Fertile loam,"Outdoor rose, protect exposed sites",Medium,Rose border / wall,Medium,Low,Bees if open flowers,Ornamental; rose hips sometimes edible but cultivar not for crop,Cuttings/grafted plants,Old rose specialists,https://en.wikipedia.org/wiki/Rosa_odorata,https://powo.science.kew.org/results?q=Rosa+%C3%97+odorata+%27Bengal+Crimson%27,Historic repeat-flowering China rose.,Medium
Rosa glauca,SBC-WL-0035,Kew,★★★★,Wishlist,Rosaceae,Red-leaved rose,Rotblättrige Rose,rosa-de-folhas-glaucas,Central/Southern Europe,"Open woodland, mountains",Hardy,Full sun,Low-medium,Moderate,Well-drained loam,Hardy outdoors,Easy,Naturalistic rose border,High,Low,Bees; hips for birds,Hips edible/wildlife; ornamental foliage,Seed/cuttings/plants,Rose nurseries,https://en.wikipedia.org/wiki/Rosa_glauca,https://powo.science.kew.org/results?q=Rosa+glauca,Excellent foliage rose.,Medium
Rosa 'New Dawn',SBC-WL-0036,Kew BF,★★★,Wishlist,Rosaceae,New Dawn climbing rose,Kletterrose 'New Dawn',roseira-trepadeira 'New Dawn',Cultivar,Garden climber,Hardy,Full sun,Medium,Moderate,Fertile loam,Hardy outdoors,Easy,Pergola/wall/rose border,Low,Low,Bees if accessible,Ornamental,Grafted plants/cuttings,Rose nurseries,https://en.wikipedia.org/wiki/Rosa,https://powo.science.kew.org/results?q=Rosa+%27New+Dawn%27,Classic climbing rose.,Medium
Rosa 'Wollerton Old Hall',SBC-WL-0037,Kew BF,★★★★,Wishlist,Rosaceae,Wollerton Old Hall rose,Englische Rose 'Wollerton Old Hall',rosa 'Wollerton Old Hall',Cultivar,Garden shrub/climber,Hardy,Full sun,Medium,Moderate,Fertile loam,Hardy outdoors,Medium,Rose border / arch,Low,Low,Bees if open enough,Fragrant ornamental,Grafted plants,David Austin/rose nurseries,https://en.wikipedia.org/wiki/Rosa,https://powo.science.kew.org/results?q=Rosa+%27Wollerton+Old+Hall%27,Highly fragrant English rose.,Medium
Castanea sativa,SBC-WL-0038,Kew,★★★★,Wishlist,Fagaceae,Sweet chestnut,Esskastanie,castanheiro,"SE Europe, W Asia","Woodland, hillsides",Hardy; prefers warmer summers,Full sun,Low-medium,Moderate,"Acidic to neutral, well-drained",Hardy outdoors,Medium,Outdoor productive tree,Medium,Low,Wind-pollinated; bees collect pollen,Edible chestnuts; timber,Seed/grafted cultivars,Fruit tree nurseries,https://en.wikipedia.org/wiki/Castanea_sativa,https://powo.science.kew.org/results?q=Castanea+sativa,Large tree; needs space.,Medium
Fraxinus ornus,SBC-WL-0039,Kew,★★★,Wishlist,Oleaceae,Manna ash,Manna-Esche,freixo-de-maná,"Southern Europe, W Asia","Dry woods, limestone slopes",Hardy; drought tolerant,Sun to part shade,Low,Low-moderate,"Well-drained, calcareous tolerated",Hardy outdoors,Easy,Climate-resilient small tree,Medium,Low,Bees/insects,Manna exudate historically medicinal,Seed/plants,Tree nurseries,https://en.wikipedia.org/wiki/Fraxinus_ornus,https://powo.science.kew.org/results?q=Fraxinus+ornus,Good small flowering ash.,Medium
Cedrus atlantica,SBC-WL-0040,Kew,★★★★,Wishlist,Pinaceae,Atlas cedar,Atlas-Zeder,cedro-do-atlas,"Atlas Mountains, Morocco/Algeria",Mountain forests,Hardy; drought tolerant established,Full sun,Low,Low-moderate,Deep well-drained soil,Hardy outdoors,Easy-medium,"Specimen conifer, only if space",Medium,Low,Wind-pollinated; wildlife shelter,Timber/aromatic resin tradition,Seed,Tree nurseries,https://en.wikipedia.org/wiki/Cedrus_atlantica,https://powo.science.kew.org/results?q=Cedrus+atlantica,Huge; use with restraint in 1000 m² garden.,Medium
Cupressus cashmeriana,SBC-WL-0041,Kew BF,★★★★★,Wishlist,Cupressaceae,Kashmir cypress,Kaschmir-Zypresse,cipreste-da-caxemira,Bhutan/NE India region,Himalayan valleys/cloud forest margins,Mild frost only; wet cold risky,Sun to light shade,Medium,Moderate,Well-drained but not dry,Greenhouse/courtyard trial only,Hard,Cool greenhouse / protected courtyard,High,Low,Wind-pollinated,Sacred/ornamental conifer,Seed/cuttings rare,Specialist conifer nurseries,https://en.wikipedia.org/wiki/Cupressus_cashmeriana,https://powo.science.kew.org/results?q=Cupressus+cashmeriana,Very beautiful but likely not reliably hardy.,Medium
Punica granatum var. nana,SBC-WL-0042,Chelsea,★★★★,Wishlist,Lythraceae,Dwarf pomegranate,Zwerg-Granatapfel,romãzeira-anã,Mediterranean/W Asia cultivar,Dry rocky slopes/cultivation,Mild frost; container safer,Full sun,Low,Moderate in growth,Well-drained loam/gritty mix,Container overwinter cool/frost-free,Easy,Mediterranean terrace / bonsai pot,High,Low,Bees,Fruit ornamental/occasionally edible; medicinal tradition,Seed/cuttings,"Garden centres, bonsai nurseries",https://en.wikipedia.org/wiki/Punica_granatum,https://powo.science.kew.org/results?q=Punica+granatum+var.+nana,Good bonsai/container candidate.,Medium
Punica granatum,SBC-WL-0043,Chelsea,★★★★,Wishlist,Lythraceae,Pomegranate,Granatapfel,romãzeira,Iran to N India; Mediterranean cultivated,"Dry scrub, rocky slopes, orchards",Hardy approx. -10°C when established/sheltered,Full sun,Low,Moderate,Well-drained fertile soil,Sheltered outdoor trial; container safer,Medium,Mediterranean terrace / fruit collection,High,Low,Bees,Edible fruit; medicinal/ethnobotanical,Seed/cuttings/grafted cultivars,"Fruit nurseries, garden centres",https://en.wikipedia.org/wiki/Punica_granatum,https://powo.science.kew.org/results?q=Punica+granatum,Choose hardy cultivars for NRW trial.,Medium
Euonymus alatus,SBC-WL-0044,Chelsea,★★★,Wishlist,Celastraceae,Burning bush,Flügel-Spindelstrauch,evónimo-alado,NE Asia,"Woodland edges, thickets",Hardy,Sun to part shade,Medium,Moderate,Ordinary well-drained soil,Hardy outdoors,Easy,Autumn colour shrub,Medium,Invasive in parts of N America; low concern Europe but monitor,Insects; birds spread fruits,Ornamental; toxic fruits,Seed/cuttings,Garden centres,https://en.wikipedia.org/wiki/Euonymus_alatus,https://powo.science.kew.org/results?q=Euonymus+alatus,Excellent autumn colour; check local invasiveness.,Medium
Glaucium flavum,SBC-WL-0045,Chelsea,★★★★,Wishlist,Papaveraceae,Yellow horned poppy,Gelber Hornmohn,papoila-cornuda-amarela,Europe/Mediterranean coasts,"Shingle beaches, dunes, dry coasts",Hardy with sharp drainage,Full sun,Low,Low,Poor sandy/gravelly soil,Hardy if dry/drained,Easy-medium,Gravel garden / Mediterranean bed,Low,Can self-seed; not usually troublesome,Bees/insects,Toxic; medicinal alkaloid history,Seed,Seed suppliers,https://en.wikipedia.org/wiki/Glaucium_flavum,https://powo.science.kew.org/results?q=Glaucium+flavum,Great silver foliage and coastal vibe.,Medium
Ebenus cretica,SBC-WL-0046,Chelsea,★★★★,Wishlist,Fabaceae,Cretan ebony,Kretischer Ebenholzstrauch,ébano-de-creta,Crete,Dry rocky limestone slopes,Mild frost; protect wet cold,Full sun,Low,Low,Very well-drained alkaline/gritty soil,Borderline; dry cold greenhouse/rock garden trial,Medium-hard,Mediterranean terrace / alpine house,Medium,Low,Bees,Ornamental; no major edible use,Seed,Specialist Mediterranean seed/nurseries,https://en.wikipedia.org/wiki/Ebenus_cretica,https://powo.science.kew.org/results?q=Ebenus+cretica,Rare collector Mediterranean legume.,Medium
Solanum laciniatum,SBC-WL-0047,Chelsea,★★★★,Wishlist,Solanaceae,Kangaroo apple,Känguru-Apfel,maçã-canguru,"Australia, New Zealand","Forest margins, disturbed ground",Mild frost only; fast summer shrub,Full sun,Medium,Moderate-high,Fertile well-drained soil,Container/greenhouse; summer outdoor,Easy,Ethnobotanical greenhouse / summer pot,Medium,Can be weedy in mild climates; not hardy in NRW,Bees/insects,Toxic unripe; steroid precursor crop history,Seed/cuttings,Seed suppliers,https://en.wikipedia.org/wiki/Solanum_laciniatum,https://powo.science.kew.org/results?q=Solanum+laciniatum,Interesting but handle toxicity carefully.,Medium
Sambucus nigra 'Black Lace',SBC-WL-0048,Chelsea,★★★,Wishlist,Adoxaceae,Black Lace elder,Holunder 'Black Lace',sabugueiro 'Black Lace',Cultivar of European elder,Garden shrub; species hedgerows/woods,Hardy,Sun to part shade,Medium,Moderate,Ordinary fertile soil,Hardy outdoors,Easy,Ornamental edible shrub border,Medium,Low,Bees/flies; berries for birds,Flowers/berries edible when properly prepared; medicinal tradition,Cuttings/plants,Garden centres,https://en.wikipedia.org/wiki/Sambucus_nigra,https://powo.science.kew.org/results?q=Sambucus+nigra+%27Black+Lace%27,Beautiful foliage cultivar.,Medium
Calycanthus × raulstonii 'Aphrodite',SBC-WL-0049,Kew,★★★★,Wishlist,Calycanthaceae,Aphrodite sweetshrub,Gewürzstrauch 'Aphrodite',calicanto 'Aphrodite',Garden hybrid,Garden shrub,Hardy,Sun to part shade,Medium,Moderate,Fertile moist well-drained,Hardy outdoors,Easy-medium,Fragrant shrub border,Medium,Low,Beetles/insects,Fragrant ornamental; not edible,Cuttings/plants,Shrub nurseries,https://en.wikipedia.org/wiki/Calycanthus_raulstonii,https://powo.science.kew.org/results?q=Calycanthus+%C3%97+raulstonii+%27Aphrodite%27,"Aromatic ornamental shrub with large, magnolia-like red flowers.",Medium
Lilium martagon,SBC-WL-0050,Kew,★★★★,Wishlist,Liliaceae,Martagon lily,Türkenbund-Lilie,lírio-martagão,Europe to Asia,Calcareous woodland/meadows,Hardy,Part shade / woodland edge,Medium,Moderate,"Humus-rich well-drained, lime tolerant",Hardy outdoors,Medium,Woodland garden,Low,Low,Bees/butterflies,Ornamental; not for eating,Bulbs/seed,Bulb specialists,https://en.wikipedia.org/wiki/Lilium_martagon,https://powo.science.kew.org/results?q=Lilium+martagon,Elegant hardy woodland lily.,Medium
Briza media,SBC-WL-0051,Chelsea,★★★,Wishlist,Poaceae,Quaking grass,Zittergras,erva-treme-treme,"Europe, W Asia","Meadows, grasslands",Hardy,Sun,Low,Low-moderate,Poor to average well-drained soil,Hardy outdoors,Easy,Meadow / naturalistic border,None,Low,Wind-pollinated; seed heads wildlife interest,Ornamental/dried flowers,Seed,Seed suppliers,https://en.wikipedia.org/wiki/Briza_media,https://powo.science.kew.org/results?q=Briza+media,Lovely movement.,Medium
Phlomis russeliana,SBC-WL-0052,Chelsea,★★★,Wishlist,Lamiaceae,Turkish sage,Brandkraut,flomis,Turkey/Syria,"Open woodland, dry slopes",Hardy,Sun to part shade,Low,Low-moderate,Well-drained ordinary soil,Hardy outdoors,Easy,Mediterranean/naturalistic border,Low,Low,Bees,Ornamental; seed heads architectural,Division/seed,Garden centres,https://en.wikipedia.org/wiki/Phlomis_russeliana,https://powo.science.kew.org/results?q=Phlomis+russeliana,Strong structure and pollinator value.,Medium
Persicaria bistorta,SBC-WL-0053,Chelsea,★★★,Wishlist,Polygonaceae,Bistort,Schlangen-Knöterich,bistorta,Europe/N Asia,"Moist meadows, stream banks",Hardy,Sun to part shade,Medium-high,Moist,Moist fertile soil,Hardy outdoors,Easy,Moist meadow / pond edge,None,Can spread in moist soil,Bees/hoverflies,Leaves historically edible/medicinal,Division/seed,Perennial nurseries,https://en.wikipedia.org/wiki/Persicaria_bistorta,https://powo.science.kew.org/results?q=Persicaria+bistorta,Useful in moist naturalistic plantings.,Medium
Fuchsia microphylla,SBC-WL-0054,Chelsea,★★★,Wishlist,Onagraceae,Small-leaved fuchsia,Kleinblättrige Fuchsie,fúcsia-de-folhas-pequenas,"Mexico, Central America",Montane forests/scrub,Mild frost only; overwinter protected,Part shade,Medium-high,Moderate,Fertile well-drained soil,Container/cool greenhouse,Medium,Container / bonsai experiment,High,Low,Hummingbirds in native range; bees,Edible berries in some fuchsias; ornamental,Cuttings/seed,Fuchsia specialists,https://en.wikipedia.org/wiki/Fuchsia_microphylla,https://powo.science.kew.org/results?q=Fuchsia+microphylla,Good tiny-leaf bonsai candidate.,Medium
Brugmansia suaveolens,SBC-WL-0055,Chelsea,★★★★,Wishlist,Solanaceae,Angel's trumpet,Engelstrompete,trombeta-de-anjo,SE Brazil,Humid forest edges,Frost-free; overwinter cool/bright,Sun to part shade,Medium,High in growth,Rich fertile moisture-retentive soil,"Container/greenhouse, frost-free",Easy-medium,Tropical greenhouse / terrace pot,Medium,Low in Germany; all parts toxic,Moths,Highly toxic; ornamental/ethnobotanical caution,Cuttings,"Garden centres, brugmansia specialists",https://en.wikipedia.org/wiki/Brugmansia_suaveolens,https://powo.science.kew.org/results?q=Brugmansia+suaveolens,Spectacular but toxic and large.,Medium
Brugmansia 'Pink Dragon',SBC-WL-0056,Kew,★★★★,Wishlist,Solanaceae,Pink Dragon angel's trumpet,Engelstrompete 'Pink Dragon',trombeta-de-anjo 'Pink Dragon',Cultivar,Garden cultivar,Frost-free,Sun to part shade,Medium,High in growth,Rich fertile soil,Container/greenhouse,Medium,Tropical greenhouse / terrace pot,Medium,Low,Moths,Highly toxic ornamental,Cuttings,Brugmansia specialists,https://en.wikipedia.org/wiki/Brugmansia,https://powo.science.kew.org/results?q=Brugmansia+%27Pink+Dragon%27,Cultivar entry; link URLs use Brugmansia base.,Medium
Utricularia bisquamata 'Betty's Bay',SBC-WL-0057,Kew,★★★★,Wishlist,Lentibulariaceae,Betty's Bay bladderwort,Wasserschlauch 'Betty's Bay',utriculária 'Betty's Bay',South Africa cultivar/location form,Wet sandy/peaty seeps,Frost-free to cool; avoid hard frost,Bright light,High,Constantly moist with rainwater,Peat/sand carnivorous substrate,Greenhouse/terrarium,Easy,Carnivorous collection,None,Can self-seed in pots,Tiny insects caught by bladder traps; flowers insect-pollinated,Carnivorous curiosity,Division/seed,Carnivorous plant nurseries,https://en.wikipedia.org/wiki/Utricularia_bisquamatas,https://powo.science.kew.org/results?q=Utricularia+bisquamata+%27Betty%27s+Bay%27,Small but delightful.,Medium
Anthurium schlechtendalii,SBC-WL-0058,Kew,★★★★,Wishlist,Araceae,Bird's-nest anthurium,Nest-Anthurie,antúrio-ninho-de-pássaro,Mexico to Central America,Epiphytic/terrestrial tropical forest,18–30°C,Bright shade,High,Moderate,Coarse aroid/epiphyte mix,Greenhouse/indoors only,Medium,Tropical greenhouse / aroid bench,Low,None,Beetles/flies likely,Ornamental,Seed/division,Specialist aroid nurseries,https://en.wikipedia.org/wiki/Anthurium_schlechtendalii,https://powo.science.kew.org/results?q=Anthurium+schlechtendalii,Majestic species anthurium.,Medium
Xanthosoma sagittifolium,SBC-WL-0059,Kew,★★★★,Wishlist,Araceae,Cocoyam / tannia,Tannia / Pfeilblatt,taioba / mangarito (varies),Tropical America,Wet tropical forest edges/cultivation,18–32°C; frost-free,Sun to part shade,High,High,Rich wet fertile soil,Greenhouse/summer crop,Easy,Tropical food greenhouse,Low,Can be invasive in tropics; none in NRW,Aroid insects,Edible corms/leaves when properly prepared; oxalates caution,Cormels,"Ethnic groceries, tropical suppliers",https://en.wikipedia.org/wiki/Xanthosoma_sagittifolium,https://powo.science.kew.org/results?q=Xanthosoma+sagittifolium,Caribbean-relevant food crop.,Medium
Salacca ramosiana,SBC-WL-0060,Kew,★★★,Wishlist,Arecaceae,Rattan/snake-fruit relative,Salak-Palme,palmeira-salaca,Philippines to N Borneo,Wet tropical understory/lowland rainforest,22–32°C; tropical only,Shade to bright shade,High,Even moisture,Rich acidic well-drained soil,Heated greenhouse only,Hard,Tropical palm collection,Low,None,Insects; dioecious palms possible,Fruit in relatives; spiny collector palm,Seed fresh,Rare Palm Seeds/specialist palm suppliers,https://en.wikipedia.org/wiki/Salacca_ramosiana,https://powo.science.kew.org/results?q=Salacca+ramosiana,Very spiny collector palm; greenhouse-only curiosity.,High
Musa haekkinenii,SBC-WL-0061,Kew,★★★,Wishlist,Musaceae,Vietnamese wild banana,Häkkinen-Banane,bananeira-silvestre-vietnamita,Northern Vietnam,Tropical/subtropical forest,Frost-free to mild; needs heat,Sun to part shade,High,High,Rich fertile moist soil,Greenhouse/container,Medium,Banana collection / tropical greenhouse,Low,Low,Bats/insects/birds depending banana ecology,Ornamental wild banana,Seed/suckers,"Rare Palm Seeds, banana specialists",https://en.wikipedia.org/wiki/Musa_haekkinenii,https://powo.science.kew.org/results?q=Musa+haekkinenii,Rare wild banana species; collector plant for a warm greenhouse.,High
Marattia sp.,SBC-WL-0062,Kew,★★★★,Wishlist,Marattiaceae,Giant marattioid fern,Marattia-Farn,feto-marattia,Tropical/subtropical regions depending species,Humid forest floor,15–28°C; frost-free,Shade,High,Even moisture,"Rich humus, airy but moisture-retentive",Greenhouse only,Hard,Fernery / tropical greenhouse,None,None,Spore-producing fern,Primitive fern lineage; ornamental,Spores/division rare,Specialist fern growers,https://en.wikipedia.org/wiki/Marattia_sp.,https://powo.science.kew.org/results?q=Marattia+sp.,Label not to species; keep as genus pending.,Medium
Atropa belladonna,SBC-WL-0063,Chelsea,★★★★,Wishlist,Solanaceae,Deadly nightshade,Tollkirsche,beladona,"Europe, N Africa, W Asia","Woodland edges, disturbed rich soils",Hardy,Part shade,Medium,Moderate,Rich well-drained soil,Hardy outdoors but caution,Medium,Ethnobotanical/toxic plants bed,Low,Low,Bees/flies,Highly toxic; historic medicinal alkaloids,Seed,Herb/medicinal seed suppliers,https://en.wikipedia.org/wiki/Atropa_belladonna,https://powo.science.kew.org/results?q=Atropa+belladonna,Only if safely placed and labelled.,Medium
Lessertia frutescens,SBC-WL-0064,Chelsea,★★★,Wishlist,Fabaceae,Cancer bush,Krebsbusch,sutherlandia / arbusto-do-cancro,Southern Africa,Dry subtropical scrub/karoo and fynbos margins,Mild frost; dry winter,Full sun,Low,Low,Very well-drained sandy soil,Cold greenhouse/container,Medium,Medicinal/ethnobotanical greenhouse,Medium,Low,Birds/bees,Traditional medicinal plant; do not self-medicate,Seed,South African seed suppliers,https://en.wikipedia.org/wiki/Lessertia_frutescens,https://powo.science.kew.org/results?q=Lessertia+frutescens,Important Southern African medicinal plant with attractive red flowers and inflated pods.,High
Bulbine frutescens,SBC-WL-0065,Chelsea,★★★,Wishlist,Asphodelaceae,Stalked bulbine,Bulbine,bulbine,South Africa,Dry rocky slopes/grassland,Light frost; frost-free safer,Full sun,Low,Low,Gritty well-drained soil,Container/cold greenhouse,Easy,Succulent/medicinal terrace pots,Medium,Low,Bees,Leaf gel used traditionally for skin; ornamental,Cuttings/division/seed,Succulent nurseries,https://en.wikipedia.org/wiki/Bulbine_frutescens,https://powo.science.kew.org/results?q=Bulbine+frutescens,Easy South African succulent.,Medium
Aesculus californica,SBC-WL-0066,Kew BF,★★★,Wishlist,Sapindaceae,California buckeye,Kalifornische Rosskastanie,castanheiro-da-califórnia,"California, USA","Dry slopes, oak woodland; summer dry",Hardy but unusual; summer-dormant in drought,Full sun,Low,Low after established,Deep well-drained soil,Hardy trial outdoors,Medium,Specimen shrub/tree / dry garden,Medium,Low,Bees (nectar can be toxic to honeybees),Seeds toxic; Indigenous uses after processing historically,Fresh seed,Specialist tree nurseries,https://en.wikipedia.org/wiki/Aesculus_californica,https://powo.science.kew.org/results?q=Aesculus+californica,Interesting drought-adapted tree.,Medium
Digitalis ferruginea 'Gelber Herold',SBC-WL-0067,Kew BF,★★★,Wishlist,Plantaginaceae,Rusty foxglove,Rostiger Fingerhut 'Gelber Herold',dedaleira-ferrugínea,SE Europe/Turkey species; cultivar,"Dry woods, rocky slopes",Hardy,Sun to part shade,Low-medium,Moderate,Well-drained ordinary soil,Hardy outdoors,Easy-medium,Naturalistic border,Low,Low,Bees,Highly toxic; ornamental,Seed/plants,Perennial nurseries,https://en.wikipedia.org/wiki/Digitalis_ferruginea,https://powo.science.kew.org/results?q=Digitalis+ferruginea+%27Gelber+Herold%27,Architectural foxglove.,Medium
Stachys byzantina,SBC-WL-0068,Kew BF,★★★,Wishlist,Lamiaceae,Lamb's ear,Woll-Ziest,orelha-de-cordeiro,"Turkey, Iran, Caucasus",Dry rocky slopes,Hardy,Full sun,Low,Low,Poor well-drained soil,Hardy outdoors,Easy,Dry border / sensory plant,None,Low,Bees if allowed to flower,Ornamental/texture,Division/seed,Garden centres,https://en.wikipedia.org/wiki/Stachys_byzantina,https://powo.science.kew.org/results?q=Stachys+byzantina,Excellent silver tactile foliage.,Medium
Eryngium sp.,SBC-WL-0069,Kew BF,★★★,Wishlist,Apiaceae,Sea holly,Edeldistel / Mannstreu,cardo-marítimo (generic),Unknown species/cultivar,Dry grassland/coastal depending species,Usually hardy,Full sun,Low,Low,Sharp drainage,Likely hardy outdoors,Easy-medium,Dry pollinator border,Low,Low,"Bees, hoverflies","Ornamental, dried flowers",Seed/plants,Perennial nurseries,https://en.wikipedia.org/wiki/Eryngium_sp.,https://powo.science.kew.org/results?q=Eryngium+sp.,Species/cultivar needs confirmation from label.,Medium
Alstroemeria 'Indian Summer',SBC-WL-0070,Kew BF,★★★,Wishlist,Alstroemeriaceae,Indian Summer Peruvian lily,Inkalilie 'Indian Summer',alstroeméria 'Indian Summer',Cultivar; South American ancestry,Garden perennial,Borderline hardy; mulch/protect,Sun to part shade,Medium,Moderate,Fertile well-drained soil,Outdoor with mulch or container,Easy-medium,Warm border / cut flowers,Low,Low,Bees,Ornamental; cut flower,Division/plants,Garden centres,https://en.wikipedia.org/wiki/Alstroemeria,https://powo.science.kew.org/results?q=Alstroemeria+%27Indian+Summer%27,Bronze foliage and long flowering.,Medium
Dactylorhiza praetermissa,SBC-WL-0071,Kew BF,★★★★,Wishlist,Orchidaceae,Southern marsh orchid,Südliches Knabenkraut,orquídea-dos-pântanos,NW Europe/Britain,"Damp meadows, marshes",Hardy,Sun to light shade,High,Moist,"Moist, low-nutrient meadow soil",Hardy if habitat recreated,Hard,Bog/pond edge orchid area,None,Low,Bees/insects,Conservation/ornamental only,Nursery-propagated only,Hardy orchid specialists,https://en.wikipedia.org/wiki/Dactylorhiza_praetermissa,https://powo.science.kew.org/results?q=Dactylorhiza+praetermissa,Do not collect wild orchids.,Medium
Ceanothus 'Skylark',SBC-WL-0072,Kew BF,★★★,Wishlist,Rhamnaceae,Skylark California lilac,Säckelblume 'Skylark',ceanoto 'Skylark',Cultivar; California ancestry,Chaparral/garden shrub,Mild hardy; sheltered wall best,Full sun,Low,Low,"Well-drained, not too rich",Borderline; sheltered outdoor trial,Medium,Sunny wall / Mediterranean border,Low,Low,Bees,Ornamental pollinator shrub,Semi-ripe cuttings/plants,Garden centres/shrub nurseries,https://en.wikipedia.org/wiki/Ceanothus,https://powo.science.kew.org/results?q=Ceanothus+%27Skylark%27,Blue flowers; dislikes wet cold.,Medium
Cyclamen hederifolium f. albiflorum,SBC-WL-0073,Kew BF,★★★,Wishlist,Primulaceae,White ivy-leaved cyclamen,Weißes Herbst-Alpenveilchen,ciclame-branco,Mediterranean,"Dry woodland, rocky shade",Hardy,Dry shade / part shade,Low-medium,"Dry summer, moist autumn/winter",Humus-rich well-drained soil,Hardy outdoors,Easy,Woodland garden,None,Low,Bees/insects,Ornamental; tubers toxic,Tubers/seed,Bulb suppliers,https://en.wikipedia.org/wiki/Cyclamen_hederifolium,https://powo.science.kew.org/results?q=Cyclamen+hederifolium+f.+albiflorum,Excellent under deciduous shrubs.,Medium
Ecballium elaterium,SBC-WL-0074,Chelsea,★★,Wishlist,Cucurbitaceae,Squirting cucumber,Spritzgurke,pepino-esguichador,Mediterranean region,"Dry disturbed ground, roadsides",Annual/perennial in mild climates; frost tender,Full sun,Low,Low,"Poor, well-drained soil",Not reliably hardy; may self-seed in mild areas,Easy,Experimental / toxic curiosity bed,None,Can be weedy in warm climates,Bees,Toxic; historic medicinal use not recommended,Seed,Mediterranean seed suppliers,https://en.wikipedia.org/wiki/Ecballium_elaterium,https://powo.science.kew.org/results?q=Ecballium+elaterium,Fun mechanism; toxic and probably low priority.,High
Betula pendula,SBC-WL-0075,Chelsea,★★,Wishlist,Betulaceae,Silver birch,Hänge-Birke,bétula-branca,"Europe, W Asia","Open woodland, heath, pioneer habitats",Very hardy,Full sun,Low-medium,Medium when young,"Acidic to neutral, well-drained soil",Hardy outdoors,Easy,Outdoor woodland / specimen,Low,Native/common Europe,Wind-pollinated; wildlife value,Sap edible/drinkable; traditional uses,Seed/saplings,Tree nurseries,https://en.wikipedia.org/wiki/Betula_pendula,https://powo.science.kew.org/results?q=Betula+pendula,Common but useful bark/structure tree.,High
Brunnera macrophylla,SBC-WL-0076,Chelsea,★★,Wishlist,Boraginaceae,Siberian bugloss,Kaukasus-Vergissmeinnicht,brunera,Caucasus,Moist woodland,Hardy,Shade to part shade,Medium,Medium-high,"Moist, humus-rich soil",Hardy outdoors,Easy,Woodland garden,None,Low,Bees,Ornamental,Division/seed,Garden centres,https://en.wikipedia.org/wiki/Brunnera_macrophylla,https://powo.science.kew.org/results?q=Brunnera+macrophylla,"Good shade plant, not a collector priority.",High
Echinopsis pachanoi,SBC-WL-0077,Chelsea,★★★,Wishlist,Cactaceae,San Pedro cactus,San-Pedro-Kaktus,cacto-são-pedro,Andes: Peru/Ecuador/Bolivia,High-altitude dry valleys,Keep frost-free or dry near 0°C,Full sun,Low,Low,Mineral cactus mix,Dry greenhouse/container,Easy,Dry greenhouse / cactus collection,Medium,Low,Moths/insects,Traditional psychoactive/ritual use; legal caution,Seed/cuttings,Cactus nurseries,https://en.wikipedia.org/wiki/Echinopsis_pachanoi,https://powo.science.kew.org/results?q=Echinopsis+pachanoi,Also seen as Trichocereus pachanoi; ornamental only.,High
Curio rowleyanus,SBC-WL-0078,Chelsea,★★,Wishlist,Asteraceae,String of pearls,Erbsenpflanze,colar-de-pérolas,Southwest Africa,Dry scrub/rocky slopes,Keep above 8–10°C,Bright indirect light,Low,Low,Free-draining succulent mix,Houseplant/greenhouse only,Easy-medium,Houseplant / dry greenhouse,None,Low,Insects when flowering,Ornamental; toxic/irritant if eaten,Cuttings,Houseplant shops,https://en.wikipedia.org/wiki/Curio_rowleyanus,https://powo.science.kew.org/results?q=Curio+rowleyanus,Classic trailing succulent; easy if kept bright and not overwatered.,High
Cleistocactus strausii,SBC-WL-0079,Chelsea,★★,Wishlist,Cactaceae,Silver torch cactus,Silberkerzenkaktus,cacto-tocha-prateada,Bolivia/Argentina,High-altitude rocky slopes,"Dry, can take cool conditions but protect hard frost",Full sun,Low,Low,Mineral cactus mix,Dry greenhouse/container,Easy,Dry greenhouse / cactus collection,Low,Low,Hummingbirds/insects,Ornamental,Seed/cuttings,Cactus nurseries,https://en.wikipedia.org/wiki/Cleistocactus_strausii,https://powo.science.kew.org/results?q=Cleistocactus+strausii,Architectural cactus.,High
Papaver somniferum,SBC-WL-0080,Chelsea,★★,Wishlist,Papaveraceae,Opium poppy,Schlafmohn,papoila-dormideira,Eastern Mediterranean/Western Asia origin; cultivated widely,Cultivated/disturbed ground,Annual hardy-ish,Full sun,Low,Low-medium,Well-drained fertile soil,Annual outdoors,Easy,Ethnobotanical annual bed,None,Self-seeds; legal restrictions in some places,Bees,Seeds edible; opium alkaloids legally controlled,"Seed, subject to law",Seed suppliers where legal,https://en.wikipedia.org/wiki/Papaver_somniferum,https://powo.science.kew.org/results?q=Papaver+somniferum,Legal restrictions vary; handle carefully.,Medium
Aechmea fulgens var. discolor,SBC-WL-0081,Chelsea,★★★,Wishlist,Bromeliaceae,Coralberry bromeliad,Aechmea,aechmea,Brazil,Atlantic rainforest epiphyte/terrestrial,Keep above 10–12°C,Bright filtered light,Medium-high,Water in rosette; moderate root moisture,Airy bromeliad mix,Greenhouse/indoors only,Easy-medium,Tropical greenhouse / bromeliad area,None,Low,Birds/insects in habitat,Ornamental,Offsets,Bromeliad specialists,https://en.wikipedia.org/wiki/Aechmea_fulgens,https://powo.science.kew.org/results?q=Aechmea+fulgens+var.+discolor,Good foliage/flowering bromeliad.,High
Billbergia buchholzii,SBC-WL-0082,Chelsea,★★★,Wishlist,Bromeliaceae,Billbergia,Billbergie,bilbérgia,South America,Forest epiphyte,Keep above 10°C,Bright filtered light,Medium-high,Moderate/tank water,Airy bromeliad mix,Greenhouse/indoors only,Medium,Tropical greenhouse / bromeliad area,None,Low,Birds/insects,Ornamental,Offsets,Bromeliad specialists,https://en.wikipedia.org/wiki/Billbergia_buchholzii,https://powo.science.kew.org/results?q=Billbergia+buchholzii,Less common bromeliad; details need verification.,Medium
Tillandsia usneoides,SBC-WL-0083,Chelsea,★★★,Wishlist,Bromeliaceae,Spanish moss,Spanisches Moos,barba-de-velho,Americas,Epiphyte on trees in humid climates,Keep frost-free in Germany,Bright filtered light,Medium-high,Mist/soak then dry quickly,No soil; mounted/hanging,Greenhouse/indoors only,Medium,Tropical greenhouse hanging display,None,Low,Moths/insects,Ornamental/fibre tradition,Division strands,Air-plant/bromeliad sellers,https://en.wikipedia.org/wiki/Tillandsia_usneoides,https://powo.science.kew.org/results?q=Tillandsia+usneoides,Atmospheric hanging epiphyte.,High
Streptocarpus saxorum,SBC-WL-0084,Chelsea,★★,Wishlist,Gesneriaceae,False African violet,Drehfrucht,estreptocarpo,Tanzania/Kenya,Rocky shaded habitats,Keep above ~10°C,Bright shade,Medium,Moderate,"Light, airy, well-drained mix",Houseplant/greenhouse,Easy,Greenhouse/houseplant shelf,Low,Low,Insects,Ornamental,Cuttings/seed,Houseplant/gesneriad specialists,https://en.wikipedia.org/wiki/Streptocarpus_saxorum,https://powo.science.kew.org/results?q=Streptocarpus+saxorum,Useful flowering container plant.,Medium
Viscum album,SBC-WL-0085,Chelsea,★★★,Wishlist,Santalaceae,European mistletoe,Mistel,visco,"Europe, W Asia",Hemiparasite on host trees,Hardy,Grows in tree canopy,Medium,Depends on host,"Living host branch, not soil",Hardy if established,Hard,Educational/ethnobotanical collection,None,Native/low concern,Insects; birds disperse berries,"Folklore/medicinal history; toxic, do not self-medicate",Fresh berries on host branch,Not usually sold; inoculation experiment,https://en.wikipedia.org/wiki/Viscum_album,https://powo.science.kew.org/results?q=Viscum+album,Curiosity rather than practical garden plant.,High
Digitalis viridiflora,SBC-WL-0086,Chelsea,★★★,Wishlist,Plantaginaceae,Green-flowered foxglove,Grünblütiger Fingerhut,dedaleira-verde,Balkans,"Woodland edges, rocky slopes",Hardy,Sun to part shade,Medium,Medium,Well-drained fertile soil,Hardy outdoors,Medium,Woodland/border,Low,Low,Bees,Highly toxic; medicinal relatives,Seed,Specialist seed suppliers,https://en.wikipedia.org/wiki/Digitalis_viridiflora,https://powo.science.kew.org/results?q=Digitalis+viridiflora,Subtle green-flowered foxglove; useful for woodland or perennial planting.,High
Nepeta racemosa 'Walker's Low',SBC-WL-0087,Chelsea,★★,Wishlist,Lamiaceae,Catmint 'Walker's Low',Katzenminze 'Walker's Low',erva-gateira 'Walker's Low',Cultivar; W Asian species ancestry,Dry rocky slopes/garden border,Hardy,Full sun,Low,Low,Well-drained average soil,Hardy outdoors,Easy,Outdoor pollinator border,Low,Low,"Bees, butterflies",Aromatic ornamental,Division/plants,Garden centres,https://en.wikipedia.org/wiki/Nepeta_racemosas,https://powo.science.kew.org/results?q=Nepeta+racemosa+%27Walker%27s+Low%27,Excellent workhorse perennial.,High
Paulownia tomentosa,SBC-WL-0088,Chelsea,★★★,Wishlist,Paulowniaceae,Foxglove tree,Blauglockenbaum,paulónia,China,Forest edges/disturbed ground,"Hardy, fast-growing",Full sun,Low-medium,Medium,Fertile well-drained soil,Hardy outdoors but large,Easy,Specimen/coppice foliage experiment,Low-medium,Can be invasive in some regions; monitor,Bees,Timber/ornamental; large leaves,Seed/plants,Tree nurseries,https://en.wikipedia.org/wiki/Paulownia_tomentosa,https://powo.science.kew.org/results?q=Paulownia+tomentosa,Spectacular leaves but space/invasiveness concern.,High
Veronica salicifolia,SBC-WL-0089,Chelsea,★★★,Wishlist,Plantaginaceae,Willow-leaved hebe,Weidenblättrige Strauchveronika,verónica-de-folha-de-salgueiro,New Zealand,Shrubland/forest margins/stream sides,Mild frost; sheltered,Sun to part shade,Medium,Medium,Moist well-drained soil,Borderline outdoors; container/cool greenhouse safer,Medium,Protected terrace / cool greenhouse,Medium,Low,Bees/insects,Ornamental,Cuttings/plants,Specialist New Zealand plant nurseries,https://en.wikipedia.org/wiki/Veronica_salicifolia,https://powo.science.kew.org/results?q=Veronica+salicifolia,Often sold as Hebe salicifolia.,High
Lagurus ovatus,SBC-WL-0090,Chelsea,★★,Wishlist,Poaceae,Bunny-tail grass,Hasenschwanzgras,rabo-de-lebre,Mediterranean,Dry sandy grassland/coasts,Annual,Full sun,Low,Low,Sandy well-drained soil,Annual outdoors,Easy,Dry annual bed / pots,None,Low,Wind-pollinated,Ornamental/dried flowers,Seed,Seed suppliers,https://en.wikipedia.org/wiki/Lagurus_ovatus,https://powo.science.kew.org/results?q=Lagurus+ovatus,Cute but not essential.,High
Oenothera fruticosa,SBC-WL-0091,Chelsea,★★,Wishlist,Onagraceae,Sundrops,Nachtkerze / Sonnenkelch,onagra,Eastern North America,Dry open woods/meadows,Hardy,Full sun,Low,Low-medium,Well-drained average soil,Hardy outdoors,Easy,Sunny perennial border,Low,Low,Bees/moths,Related medicinal evening primroses; ornamental,Seed/plants,Perennial nurseries,https://en.wikipedia.org/wiki/Oenothera_fruticosa,https://powo.science.kew.org/results?q=Oenothera+fruticosa,Reliable yellow perennial.,High
Silene coronaria 'Atrosanguinea',SBC-WL-0092,Chelsea,★★,Wishlist,Caryophyllaceae,Rose campion,Kronen-Lichtnelke,silene-coronária,Cultivar; SE Europe/W Asia ancestry,Dry rocky slopes,Hardy short-lived perennial,Full sun,Low,Low,Poor well-drained soil,Hardy outdoors,Easy,Dry border / cottage garden,Low,Self-seeds mildly,Bees/butterflies,Ornamental,Seed/plants,Garden centres,https://en.wikipedia.org/wiki/Silene_coronaria,https://powo.science.kew.org/results?q=Silene+coronaria+%27Atrosanguinea%27,Silver foliage and magenta flowers.,High
Nandina domestica,SBC-WL-0093,Chelsea,★★,Wishlist,Berberidaceae,Heavenly bamboo,Himmelsbambus,nandina / bambu-celeste,"China, Japan, India",Woodland/thickets,Hardy to around -15°C sheltered,Sun to shade,Medium,Moderate,Fertile well-drained soil,Sheltered outdoor/container,Easy,Outdoor shrub / container,Low,Invasive in some regions; monitor,Bees; berries for birds but caution toxicity,Ornamental; berries toxic to some animals,Plants,Garden centres,https://en.wikipedia.org/wiki/Nandina_domestica,https://powo.science.kew.org/results?q=Nandina+domestica,Useful but not very 'rare'.,High
Delphinium grandiflorum,SBC-WL-0094,Chelsea,★★,Wishlist,Ranunculaceae,Siberian larkspur,Großblütiger Rittersporn,delfínio,"China, Mongolia, Siberia",Meadows/rocky slopes,Hardy,Full sun,Medium,Medium,Fertile well-drained soil,Hardy outdoors,Medium,Perennial border,Low,Low,Bees,Ornamental; toxic,Seed/plants,Perennial nurseries,https://en.wikipedia.org/wiki/Delphinium_grandiflorum,https://powo.science.kew.org/results?q=Delphinium+grandiflorum,Compact delphinium.,High
Staphisagria requienii,SBC-WL-0095,Chelsea,★★★,Wishlist,Ranunculaceae,Requien's stavesacre,Requiens Stephanskraut,estafiságria-de-Requien,"Corsica, Sardinia",Mediterranean rocky habitats,Mediterranean; protect wet cold,Sun to part shade,Low-medium,Low-medium,Well-drained Mediterranean soil,Container/cold greenhouse likely,Hard,Mediterranean rarity collection,Low,Low,Insects,Toxic/medicinal history in genus,Rare seed,Specialist botanical seed suppliers,https://en.wikipedia.org/wiki/Staphisagria_requienii,https://powo.science.kew.org/results?q=Staphisagria+requienii,Rare and obscure; verify ID/culture.,Medium
Gloriosa modesta,SBC-WL-0096,Kew,★★★,Wishlist,Colchicaceae,Glory lily,Ruhmeslilie,gloriosa,Southern Africa,Grassland/scrub,Frost-free tuber dormancy,Bright light,Medium,Moderate in growth,Well-drained fertile soil,Container/greenhouse,Medium,Greenhouse bulb collection,Low,Low,Insects,Highly toxic; ornamental,Tubers/seed,Bulb specialists,https://en.wikipedia.org/wiki/Gloriosa_modesta,https://powo.science.kew.org/results?q=Gloriosa+modesta,Collector plant; toxic.,Medium
Gunnera killipiana,SBC-WL-0097,Kew,★★★★,Wishlist,Gunneraceae,Gunnera,Gunnera,gunera,Central America/Andean region,Wet montane/tropical habitats,Frost-free/cool greenhouse,Part shade,High,High,"Wet, rich humus soil",Greenhouse only,Hard,Tropical wet/Jurassic corner,None,Low,Wind/insect uncertain,Ornamental/scientific,Rare plants,Specialist/botanical exchange,https://en.wikipedia.org/wiki/Gunnera_killipiana,https://powo.science.kew.org/results?q=Gunnera+killipiana,Species details need confirmation.,Medium
Hibiscus grandidieri,SBC-WL-0098,Kew,★★★,Wishlist,Malvaceae,Grandidier's hibiscus,Grandidiers Hibiskus,hibisco-de-Grandidier,Madagascar,Dry or tropical forest depending locality,Frost-free,Sun/bright light,Medium,Moderate,Well-drained fertile soil,Greenhouse only,Medium-hard,Tropical greenhouse / conservation interest,Medium,Low,Insects/birds,Ornamental/conservation,Seed/cuttings rare,Specialist tropical nurseries,https://en.wikipedia.org/wiki/Hibiscus_grandidieri,https://powo.science.kew.org/results?q=Hibiscus+grandidieri,Rare Madagascar species; verify exact requirements.,Medium
Phedimus kamtschaticus,SBC-WL-0099,Kew,★★,Wishlist,Crassulaceae,Kamchatka stonecrop,Kamtschatka-Fetthenne,sedum-de-Kamchatka,NE Asia,Rocky slopes,Hardy,Full sun,Low,Low,Well-drained gritty soil,Hardy outdoors,Easy,Rock garden / green roof,None,Low,Bees,Ornamental/pollinator,Division/cuttings,Garden centres,https://en.wikipedia.org/wiki/Phedimus_kamtschaticus,https://powo.science.kew.org/results?q=Phedimus+kamtschaticus,Often sold as Sedum kamtschaticum.,High
Potentilla thurberi 'Monarch's Velvet',SBC-WL-0100,Kew,★★★,Wishlist,Rosaceae,Scarlet cinquefoil,Fingerkraut 'Monarch's Velvet',potentilha 'Monarch's Velvet',Cultivar; SW North American ancestry,Meadows/open woodland,Hardy,Sun to part shade,Medium,Moderate,Well-drained fertile soil,Hardy outdoors,Medium,Perennial border,Low,Low,Bees,Ornamental,Seed/plants,Perennial nurseries,https://en.wikipedia.org/wiki/Potentilla_thurberis,https://powo.science.kew.org/results?q=Potentilla+thurberi+%27Monarch%27s+Velvet%27,Dark red flowers; verify exact taxonomy.,Medium
Kniphofia 'Poco Orange',SBC-WL-0101,Kew,★★,Wishlist,Asphodelaceae,Red-hot poker 'Poco Orange',Fackellilie 'Poco Orange',tritoma 'Poco Orange',Garden cultivar; African genus,Garden origin,Hardy with drainage,Full sun,Low,Moderate,Well-drained fertile soil,Hardy/sheltered outdoors,Easy,Sunny perennial border,Low,Low,Bees,Ornamental,Division/plants,Garden centres,https://en.wikipedia.org/wiki/Kniphofia,https://powo.science.kew.org/results?q=Kniphofia+%27Poco+Orange%27,Compact cultivar.,High
Robinia × ambigua 'Decaisneana',SBC-WL-0102,Kew,★★,Wishlist,Fabaceae,Pink hybrid locust,Robinie 'Decaisneana',robínia 'Decaisneana',Garden hybrid,Cultivated tree,Hardy,Full sun,Low,Low,Well-drained soil,Hardy outdoors but suckering possible,Easy,Specimen tree only if wanted,Medium,Robinia can sucker/spread,Bees,Ornamental; legumes toxic,Grafted plants,Tree nurseries,https://en.wikipedia.org/wiki/Robinia_ambigua,https://powo.science.kew.org/results?q=Robinia+%C3%97+ambigua+%27Decaisneana%27,Included from remarkable bark/tree interest.,Medium
Rosa 'Long John Silver',SBC-WL-0103,Kew BF,★★,Wishlist,Rosaceae,Long John Silver rose,Rose 'Long John Silver',rosa 'Long John Silver',Cultivar,Garden rose,Hardy,Full sun,Medium,Moderate,Fertile loam,Hardy outdoors,Medium,Rose border / climber,Medium,Low,Bees if accessible,Ornamental,Grafted plants/cuttings,Rose nurseries,https://en.wikipedia.org/wiki/Rosa,https://powo.science.kew.org/results?q=Rosa+%27Long+John+Silver%27,Possibly included partly for the name.,Medium
Rosa 'Thomas à Becket',SBC-WL-0104,Kew BF,★★,Wishlist,Rosaceae,Thomas à Becket rose,Rose 'Thomas à Becket',rosa 'Thomas à Becket',Cultivar,Garden rose,Hardy,Full sun,Medium,Moderate,Fertile loam,Hardy outdoors,Medium,Rose border,Medium,Low,Bees if accessible,Ornamental/fragrance,Grafted plants,David Austin/rose nurseries,https://en.wikipedia.org/wiki/Rosa,https://powo.science.kew.org/results?q=Rosa+%27Thomas+%C3%A0+Becket%27,David Austin-style shrub rose.,Medium
Rosa 'Rambling Rosie',SBC-WL-0105,Kew BF,★★,Wishlist,Rosaceae,Rambling Rosie rose,Ramblerrose 'Rambling Rosie',rosa 'Rambling Rosie',Cultivar,Garden rambler,Hardy,Full sun,Medium,Moderate,Fertile loam,Hardy outdoors,Medium,Pergola/tree/rose structure,Low,Low,Bees if accessible,Ornamental,Grafted plants,Rose nurseries,https://en.wikipedia.org/wiki/Rosa,https://powo.science.kew.org/results?q=Rosa+%27Rambling+Rosie%27,Vigorous rambler.,Medium
Phlox sp.,SBC-WL-0106,Kew BF,★★,Needs confirmation,Polemoniaceae,Garden phlox,Flammenblume,flox,Unknown,Garden perennial/unknown,Hardy,Sun to part shade,Medium,Moderate,Moist fertile soil,Likely hardy outdoors,Easy-medium,Perennial border,Low,Low,Bees/butterflies,Ornamental,Plants/division,Garden centres,https://en.wikipedia.org/wiki/Phlox_sp.,https://powo.science.kew.org/results?q=Phlox+sp.,Photo/label lacked clear cultivar or species ID; confirm before purchase or NFC/public catalogue entry.,Low
Achillea millefolium 'Paprika',SBC-WL-0107,Kew,★★,Wishlist,Asteraceae,Yarrow 'Paprika',Schafgarbe 'Paprika',milefólio 'Paprika',Cultivar; species N Hemisphere,Dry meadows/grasslands,Hardy,Full sun,Low,Low,Well-drained average soil,Hardy outdoors,Easy,Dry pollinator border,Low,Low,"Bees, hoverflies, butterflies",Traditional medicinal yarrow; ornamental,Division/plants,Garden centres,https://en.wikipedia.org/wiki/Achillea_millefolium,https://powo.science.kew.org/results?q=Achillea+millefolium+%27Paprika%27,Reliable drought-tolerant perennial.,High
